Title,URL
Email Invitation and Contact Limits,https://help.surveymonkey.com/en/surveymonkey/send/email-send-limits/
How to Archive Questions within a Form to Preserve Collected Data,https://help.surveymonkey.com/en/apply/build/archive-questions/
Buying Responses with SurveyMonkey Audience,https://help.surveymonkey.com/en/surveymonkey/send/surveymonkey-audience/
Can a respondent fill out the same question or page multiple times?,https://help.surveymonkey.com/en/surveymonkey/create/answering-multiple-times/
Logging in to Your Account,https://help.surveymonkey.com/en/wufoo/account/logging-in/
Emailing an Embedded NPS Question,https://help.surveymonkey.com/en/getfeedback/programs/nps-embed-email/
Forms: Overview,https://help.surveymonkey.com/en/apply/build/forms-overview/
Adding Tables,https://help.surveymonkey.com/en/surveymonkey/create/adding-tables/
Microsoft Power BI Integration,https://help.surveymonkey.com/en/surveymonkey/integrations/microsoft-power-bi-integration/
How to Manage your Salesforce v4 Integration,https://help.surveymonkey.com/en/apply/advanced/manage-salesforce-v4/
Matrix of Dropdown Menus Question,https://help.surveymonkey.com/en/surveymonkey/create/matrix-of-dropdowns/
Measuring Net Promoter® Score (NPS),https://help.surveymonkey.com/en/getfeedback/programs/nps-feedback/
Setting Max Quantities Per Answer Choice,https://help.surveymonkey.com/en/wufoo/build/max-answer-quantity/
Release Notes – April 2025,https://help.surveymonkey.com/en/surveymonkey/new/release-notes-april-2025/
Notification Center,https://help.surveymonkey.com/en/surveymonkey/send/survey-notifications/
Responses Are Out of Order,https://help.surveymonkey.com/en/surveymonkey/analyze/out-of-order-responses/
Adjusting Field Sizes,https://help.surveymonkey.com/en/wufoo/build/field-size/
Sender Email Address & Verification,https://help.surveymonkey.com/en/surveymonkey/send/sender-email-address/
Comment Box Question,https://help.surveymonkey.com/en/surveymonkey/create/comment-box/
Masking Personal Data,https://help.surveymonkey.com/en/getfeedback/account/hide-personal-information/
TLS Security Updates,https://help.surveymonkey.com/en/apply/faqs/tls-security-updates/
Analyzing Text Responses,https://help.surveymonkey.com/en/surveymonkey/analyze/analyzing-text-responses/
Embedded Listener,https://help.surveymonkey.com/en/getfeedback/channels/embedded-listener/
How to Convert a Floating Point to an Integer (INT),https://help.surveymonkey.com/en/apply/advanced/convert-to-int/
How to Generate a Random Number between Two Values (RANDIT),https://help.surveymonkey.com/en/apply/advanced/generate-random-number/
OneDrive Integration,https://help.surveymonkey.com/en/surveymonkey/integrations/onedrive-integration/
How to Download an Application,https://help.surveymonkey.com/en/apply/monitor/download-app/
Using Labels in Workspaces,https://help.surveymonkey.com/en/getfeedback/insights/workspaces-labels/
What to Expect in the Discovery Phase,https://help.surveymonkey.com/en/apply/getting-started/what-to-expect-in-the-discovery-phase/
Copying or Moving Questions,https://help.surveymonkey.com/en/surveymonkey/create/copying-moving-questions/
Logic Features,https://help.surveymonkey.com/en/surveymonkey/create/logic-options/
Saving Surveys as Templates,https://help.surveymonkey.com/en/getfeedback/builder/saving-survey-templates/
SurveyMonkey Audience for Academics,https://help.surveymonkey.com/en/surveymonkey/solutions/audience-for-academics/
Changing your Plan,https://help.surveymonkey.com/en/getfeedback/account/changing-your-plan/
Changing the Survey Title,https://help.surveymonkey.com/en/surveymonkey/create/survey-title/
Tracking IP Address,https://help.surveymonkey.com/en/getfeedback/account/tracking-ip-address/
Zoom Integration,https://help.surveymonkey.com/en/surveymonkey/integrations/zoom-integration/
How to Award Applications using Financial Management,https://help.surveymonkey.com/en/apply/monitor/financial-mgmt-award/
CAS: How to Prepare,https://help.surveymonkey.com/en/apply/advanced/cas-how-to/
Explaining the Visibility of Pages & Files,https://help.surveymonkey.com/en/apply/features/pages-files-visibilty/
Single Sign-On (SSO),https://help.surveymonkey.com/en/surveymonkey/teams/single-sign-on/
Likert Scales,https://help.surveymonkey.com/en/surveymonkey/create/likert-scales/
Managing Your Account,https://help.surveymonkey.com/en/wufoo/account/account-manager/
Admin-Only Fields,https://help.surveymonkey.com/en/wufoo/build/admin-field/
Allow List Information for SurveyMonkey,https://help.surveymonkey.com/en/surveymonkey/account/allow-list/
Enterprise Admin Central,https://help.surveymonkey.com/en/surveymonkey/teams/enterprise-admin/
How to Add Validation to a Text Response Question,https://help.surveymonkey.com/en/apply/build/text-validation/
Viewing and Managing Responses,https://help.surveymonkey.com/en/getfeedback/insights/viewing-responses/
Limiting the Total Number of Form Entries,https://help.surveymonkey.com/en/wufoo/build/limit-total-entries/
Verify Charity Status Task,https://help.surveymonkey.com/en/apply/build/verify-charity-task/
Creating Views,https://help.surveymonkey.com/en/surveymonkey/analyze/creating-views/
Can I create a unique login and password for each survey respondent?,https://help.surveymonkey.com/en/surveymonkey/send/respondent-logins/
Account Settings,https://help.surveymonkey.com/en/getfeedback/account/account-settings/
Impact to Page Load Time,https://help.surveymonkey.com/en/getfeedback/channels/page-load-time/
Teams,https://help.surveymonkey.com/en/surveymonkey/billing/teams/
Page and Question Numbering,https://help.surveymonkey.com/en/surveymonkey/create/page-question-numbering/
Introduction to SurveyMonkey Apply Admin Dashboard,https://help.surveymonkey.com/en/apply/getting-started/introduction-to-surveymonkey-apply-admin-dashboard/
How to Test your SM Apply Site,https://help.surveymonkey.com/en/apply/faqs/test-apply-site/
SurveyMonkey Audience Policies,https://help.surveymonkey.com/en/surveymonkey/policy/audience-policies/
Intro to SurveyMonkey Apply Videos,https://help.surveymonkey.com/en/apply/apply-training-videos/apply-intro/
Tealium Integration,https://help.surveymonkey.com/en/getfeedback/integrations/tealium-integration/
Thumbnail Image & Text,https://help.surveymonkey.com/en/surveymonkey/send/thumbnail-image-text/
Using Custom Data to Store Contact Info,https://help.surveymonkey.com/en/surveymonkey/send/custom-data/
Email Logs,https://help.surveymonkey.com/en/apply/analyze/email-logs/
One Question at a Time,https://help.surveymonkey.com/en/surveymonkey/create/one-question-at-a-time/
SurveyMonkey Anywhere FAQs,https://help.surveymonkey.com/en/surveymonkey/site/anywhere-faq/
Introduction to SurveyMonkey Apply: Monitor Mode,https://help.surveymonkey.com/en/apply/getting-started/intro-monitor-mode/
How to Save/Manage Custom Filters,https://help.surveymonkey.com/en/apply/monitor/custom-filters/
Measuring Net Promoter® Score (NPS®) with Salesforce,https://help.surveymonkey.com/en/getfeedback/salesforce/salesforce-measure-nps/
Filtering by Score Questions in Workspaces,https://help.surveymonkey.com/en/getfeedback/insights/workspaces-score-filter/
Managing Seats on Your Enterprise Team,https://help.surveymonkey.com/en/surveymonkey/teams/manage-enterprise/
How to Create a Salesforce v4 Automation,https://help.surveymonkey.com/en/apply/advanced/salesforce-v4-automation/
Salesforce Field Mapping Guide,https://help.surveymonkey.com/en/surveymonkey/integrations/field-mapping-guide/
Mapping Web Button Responses to Salesforce (app.usabilla.com),https://help.surveymonkey.com/en/getfeedback/salesforce/map-response-data-to-salesforce/
How to Move an Application to Another Stage,https://help.surveymonkey.com/en/apply/monitor/change-app-stage/
Adding or Editing a Logo to Your Survey Design,https://help.surveymonkey.com/en/surveymonkey/create/adding-logos/
Taxes on SurveyMonkey Purchases,https://help.surveymonkey.com/en/surveymonkey/billing/taxes/
Wufoo Data Transfers and EU Laws,https://help.surveymonkey.com/en/wufoo/account/wufoo-data-transfers-and-eu-laws/
How to Add a Salesforce Integration,https://help.surveymonkey.com/en/apply/advanced/salesforce-integration/
How To Download User Information,https://help.surveymonkey.com/en/apply/monitor/download-user-info/
Importing Predefined Choices in Bulk,https://help.surveymonkey.com/en/wufoo/build/importing/
How to Automatically Submit an Application Once the Recommendation Task is Complete,https://help.surveymonkey.com/en/apply/build/submit-after-recommendation/
Smart Notifications,https://help.surveymonkey.com/en/surveymonkey/send/smart-notifications/
Collaborators: Overview,https://help.surveymonkey.com/en/apply/build/collaborators/
Why are answers already selected when I try to take a survey?,https://help.surveymonkey.com/en/surveymonkey/send/answers-already-selected/
Restricting Survey Access by Password or IP Address,https://help.surveymonkey.com/en/surveymonkey/send/restricting-survey-access/
Deleting a Question,https://help.surveymonkey.com/en/surveymonkey/create/deleting-questions/
How to Add OAuth Details,https://help.surveymonkey.com/en/apply/advanced/oauth-details/
The Forms Page,https://help.surveymonkey.com/en/wufoo/build/form-manager/
How to Calculate the Sum (SUM),https://help.surveymonkey.com/en/apply/advanced/calculate-sum/
DocuSign Field,https://help.surveymonkey.com/en/wufoo/build/docusign-field/
A/B Tests (Random Assignment),https://help.surveymonkey.com/en/surveymonkey/create/ab-tests/
Using Standard Events,https://help.surveymonkey.com/en/getfeedback/channels/app-standard-events/
Troubleshooting Issues with an Email Invitation,https://help.surveymonkey.com/en/surveymonkey/send/troubleshooting-email-invitations/
Release Notes – December 2024,https://help.surveymonkey.com/en/surveymonkey/new/release-notes-december-2024/
Limiting Responses to a Survey,https://help.surveymonkey.com/en/surveymonkey/send/limiting-answer-choices/
Embedding a Wufoo Form in a Survey,https://help.surveymonkey.com/en/surveymonkey/integrations/embedding-wufoo-forms/
Can respondents print their responses?,https://help.surveymonkey.com/en/surveymonkey/send/printing-responses/
“Complete an External Task” Task,https://help.surveymonkey.com/en/apply/build/external-task/
Automated Emails with Zendesk,https://help.surveymonkey.com/en/getfeedback/channels/zendesk-automated-emails/
USA ePay,https://help.surveymonkey.com/en/wufoo/integrations/usa-epay/
Troubleshooting Skip Logic Issues,https://help.surveymonkey.com/en/surveymonkey/create/troubleshooting-skip-logic/
Changing the Language on Your Account,https://help.surveymonkey.com/en/surveymonkey/account/account-language/
App Feedback Dashboard,https://help.surveymonkey.com/en/getfeedback/insights/app-feedback-dashboard/
Survey Design and Character Limits,https://help.surveymonkey.com/en/surveymonkey/create/design-character-limits/
How to Set Up a Review Stage Group,https://help.surveymonkey.com/en/apply/build/review-stage-group/
Zendesk Mapping History,https://help.surveymonkey.com/en/getfeedback/zendesk/zendesk-mapping-history/
Sending Reminder Emails from Salesforce,https://help.surveymonkey.com/en/getfeedback/salesforce/salesforce-reminder-emails/
Making Survey Questions Required,https://help.surveymonkey.com/en/surveymonkey/create/required-questions/
Your Survey Link,https://help.surveymonkey.com/en/getfeedback/builder/your-survey-link/
How to Manage Custom Fields,https://help.surveymonkey.com/en/apply/features/manage-custom-fields/
Your SurveyMonkey Data,https://help.surveymonkey.com/en/surveymonkey/policy/surveymonkey-data/
Error: “No such column” in Salesforce,https://help.surveymonkey.com/en/getfeedback/salesforce/salesforce-column-error/
Page Skip Logic,https://help.surveymonkey.com/en/surveymonkey/create/page-skip-logic/
Getting Started with Wufoo,https://help.surveymonkey.com/en/wufoo/build/getting-started/
Tasks: Overview,https://help.surveymonkey.com/en/apply/build/tasks-overview/
Storing and Organizing Your SurveyMonkey Contacts,https://help.surveymonkey.com/en/surveymonkey/send/organizing-contacts/
Return to Work Solutions,https://help.surveymonkey.com/en/surveymonkey/create/return-to-work/
Managing Your Reports,https://help.surveymonkey.com/en/wufoo/reports/report-manager/
OAuth: Best Practices,https://help.surveymonkey.com/en/apply/advanced/oauth-best-practices/
Introduction to Organization Profiles,https://help.surveymonkey.com/en/apply/monitor/org-profiles/
Adding Multiple Pages,https://help.surveymonkey.com/en/getfeedback/builder/adding-multiple-pages/
SurveyMonkey for Salesforce: Lightning Flows and Components,https://help.surveymonkey.com/en/surveymonkey/integrations/salesforce-lightning-flows/
Multi-Column Question,https://help.surveymonkey.com/en/apply/build/multi-column-question/
Mapping Multiple Surveys to a Custom Object in Salesforce,https://help.surveymonkey.com/en/getfeedback/salesforce/salesforce-mapping-multiple-surveys/
How to Concatenate Values in a Form (CONCAT),https://help.surveymonkey.com/en/apply/advanced/concat-values/
Allowing Only One Entry Per IP Address,https://help.surveymonkey.com/en/wufoo/build/allow-once-ip/
SSL Encryption,https://help.surveymonkey.com/en/wufoo/account/ssl-encryption/
Account Control,https://help.surveymonkey.com/en/surveymonkey/teams/account-control/
Adding a Video,https://help.surveymonkey.com/en/surveymonkey/create/videos/
Managing Your Surveys,https://help.surveymonkey.com/en/surveymonkey/manage/managing-surveys/
Advanced Branching,https://help.surveymonkey.com/en/surveymonkey/create/advanced-branching/
Multilingual Surveys,https://help.surveymonkey.com/en/getfeedback/builder/multilingual-surveys/
Contacting Support About an Account,https://help.surveymonkey.com/en/surveymonkey/account/secure-support/
Learn about Enterprise Features,https://help.surveymonkey.com/en/surveymonkey/teams/enterprise-feature-list/
Custom Forms,https://help.surveymonkey.com/en/getfeedback/builder/custom-forms/
Implementation Process,https://help.surveymonkey.com/en/apply/getting-started/implementation-process/
Best Worst Scale Question,https://help.surveymonkey.com/en/surveymonkey/create/best-worst-scale/
How to Add a Salesforce V4 Integration,https://help.surveymonkey.com/en/apply/advanced/salesforce-v4-integration/
Click Map Question,https://help.surveymonkey.com/en/surveymonkey/create/click-map/
SurveyMonkey API,https://help.surveymonkey.com/en/surveymonkey/integrations/surveymonkey-api/
How Averages are Calculated,https://help.surveymonkey.com/en/surveymonkey/analyze/calculating-averages/
Sharing Surveys in Facebook Messenger,https://help.surveymonkey.com/en/surveymonkey/send/facebook-messenger/
In-Page Widgets,https://help.surveymonkey.com/en/getfeedback/channels/web-widgets/
"Enterprise Team Seats, Roles and Permissions",https://help.surveymonkey.com/en/surveymonkey/teams/enterprise-seats/
SurveyMonkey for Salesforce: Measuring Customer Satisfaction (CSAT),https://help.surveymonkey.com/en/surveymonkey/integrations/salesforce-csat/
Contact Information Question (Demographic),https://help.surveymonkey.com/en/surveymonkey/create/adding-contact-information/
Copying a Form,https://help.surveymonkey.com/en/wufoo/build/copy-form/
Decibel Insight Integration,https://help.surveymonkey.com/en/getfeedback/integrations/decibel-insight-integration/
How to Set a Deadline on a Stage,https://help.surveymonkey.com/en/apply/build/stage-deadline/
Payment Methods,https://help.surveymonkey.com/en/surveymonkey/billing/payment-methods/
Formatting Text,https://help.surveymonkey.com/en/surveymonkey/create/formatting-text/
SurveyMonkey Audience: Additional Targeting Settings,https://help.surveymonkey.com/en/surveymonkey/solutions/audience-additional-settings/
Export Responses to a Google Sheet,https://help.surveymonkey.com/en/surveymonkey/integrations/sheets-automation/
AB Tasty Integration,https://help.surveymonkey.com/en/getfeedback/integrations/ab-tasty-integration/
Connecting to Salesforce,https://help.surveymonkey.com/en/getfeedback/salesforce/connecting-to-salesforce/
How to Create a Dynamic Email Attachment,https://help.surveymonkey.com/en/apply/advanced/dynamic-email-attachments/
Branding Your Survey,https://help.surveymonkey.com/en/surveymonkey/create/survey-branding/
Survey Builder,https://help.surveymonkey.com/en/getfeedback/builder/survey-builder/
How do I clear or enable cookies?,https://help.surveymonkey.com/en/surveymonkey/site/enabling-cookies/
Single Sign-on (SSO),https://help.surveymonkey.com/en/getfeedback/account/single-sign-on/
How to Return the First Input Value (COALESCE),https://help.surveymonkey.com/en/apply/advanced/coalesce-value/
Salesforce Managed Mapping,https://help.surveymonkey.com/en/getfeedback/salesforce/salesforce-managed-mapping/
Program Categories: Overview,https://help.surveymonkey.com/en/apply/build/categories-overview/
Checkbox Question,https://help.surveymonkey.com/en/apply/build/checkbox-question/
Calculating the Number of Respondents You Need,https://help.surveymonkey.com/en/surveymonkey/solutions/calculating-respondents/
How to Transfer Ownership of an Application,https://help.surveymonkey.com/en/apply/monitor/transfer-app-ownership/
Editing Entries,https://help.surveymonkey.com/en/wufoo/reports/editing-entries/
Date/Time Question,https://help.surveymonkey.com/en/surveymonkey/create/date-time-question/
Event Targeting for App Campaigns,https://help.surveymonkey.com/en/getfeedback/channels/app-custom-events/
Response Quality,https://help.surveymonkey.com/en/surveymonkey/analyze/response-quality/
Trigger Feedback after a Video,https://help.surveymonkey.com/en/getfeedback/programs/trigger-popup-after-video/
Rate Customer Support in Salesforce,https://help.surveymonkey.com/en/getfeedback/programs/salesforce-rate-customer-support/
Can I perform calculations in a report?,https://help.surveymonkey.com/en/wufoo/reports/report-calculations/
Allowing Multiple Responses,https://help.surveymonkey.com/en/surveymonkey/send/allowing-multiple-responses/
Using Inclusive Language,https://help.surveymonkey.com/en/surveymonkey/create/inclusive-language/
Resetting Your Password,https://help.surveymonkey.com/en/getfeedback/account/your-password/
How to Troubleshoot your Form Calculations,https://help.surveymonkey.com/en/apply/advanced/troubleshoot-calculations/
Using SurveyMonkey for Salesforce,https://help.surveymonkey.com/en/surveymonkey/integrations/surveymonkey-salesforce-app/
Embedding Web Surveys in Zendesk Email Replies (app.usabilla.com),https://help.surveymonkey.com/en/getfeedback/zendesk/zendesk-embed-email-replies/
Sharing Survey Results,https://help.surveymonkey.com/en/surveymonkey/analyze/sharing-survey-results/
Deleting Entries,https://help.surveymonkey.com/en/wufoo/reports/delete-entries/
Clearing or Deleting Responses,https://help.surveymonkey.com/en/surveymonkey/manage/deleting-responses/
Adobe Fonts,https://help.surveymonkey.com/en/wufoo/integrations/typekit/
Randomizing Answer Choices,https://help.surveymonkey.com/en/wufoo/build/randomize-answers/
Citing SurveyMonkey or SurveyMonkey Audience,https://help.surveymonkey.com/en/surveymonkey/policy/citing-surveymonkey/
Covid-19 Symptom Tracking Survey,https://help.surveymonkey.com/en/surveymonkey/create/symptom-tracking-survey/
Tracking Respondents,https://help.surveymonkey.com/en/surveymonkey/send/tracking-respondents/
How to Manage User Roles,https://help.surveymonkey.com/en/apply/monitor/manage-user-roles/
How to Create a Salesforce v4 Mapping,https://help.surveymonkey.com/en/apply/advanced/salesforce-v4-mapping/
How to Test Your CAS Single Sign On,https://help.surveymonkey.com/en/apply/advanced/test-cas-sso/
Opted Out or Bounced Contacts,https://help.surveymonkey.com/en/surveymonkey/send/bounced-contacts/
Question Bank,https://help.surveymonkey.com/en/surveymonkey/create/question-bank/
Enterprise Settings,https://help.surveymonkey.com/en/surveymonkey/teams/enterprise-settings/
Measure Customer Satisfaction (CSAT) with SurveyMonkey,https://help.surveymonkey.com/en/surveymonkey/create/csat-surveys/
Sending Surveys via Mailchimp,https://help.surveymonkey.com/en/surveymonkey/integrations/mailchimp-integration/
Changing the Font on Your Form,https://help.surveymonkey.com/en/wufoo/themes/form-fonts/
Building a Report,https://help.surveymonkey.com/en/wufoo/reports/report-builder/
XLS (Excel) Exports,https://help.surveymonkey.com/en/surveymonkey/analyze/xls-exports/
Redmine Integration,https://help.surveymonkey.com/en/getfeedback/integrations/redmine-integration/
Using Folders to Organize Surveys,https://help.surveymonkey.com/en/getfeedback/builder/using-folders/
Comparing Survey Results,https://help.surveymonkey.com/en/surveymonkey/analyze/compare-rules/
Insights and Data Trends,https://help.surveymonkey.com/en/surveymonkey/analyze/data-trends/
Email Address Question,https://help.surveymonkey.com/en/surveymonkey/create/email/
Using Zapier with SurveyMonkey,https://help.surveymonkey.com/en/surveymonkey/integrations/zapier/
How to Automatically Distribute Applications to Reviewers,https://help.surveymonkey.com/en/apply/monitor/auto-distribute/
Social Media Sign-Ons,https://help.surveymonkey.com/en/apply/features/social-sign-on/
Trying Paid Features,https://help.surveymonkey.com/en/surveymonkey/account/trying-paid-features/
Form Builder: Overview,https://help.surveymonkey.com/en/apply/build/form-builder-overview/
Manage Applications: Overview,https://help.surveymonkey.com/en/apply/monitor/manage-apps/
SessionCam Integration,https://help.surveymonkey.com/en/getfeedback/integrations/sessioncam-integration/
How to Launch a Program,https://help.surveymonkey.com/en/apply/build/launch-program/
Conditional Logic,https://help.surveymonkey.com/en/getfeedback/builder/conditional-logic/
"Previewing, Testing, and Reviewing Surveys",https://help.surveymonkey.com/en/surveymonkey/create/previewing-testing/
Can I create a matrix or grid of comment boxes?,https://help.surveymonkey.com/en/surveymonkey/create/comment-box-matrix/
Wufoo Plans,https://help.surveymonkey.com/en/wufoo/account/wufoo-plans/
Commanders Act Implementation,https://help.surveymonkey.com/en/getfeedback/integrations/commanders-act/
Page Rules,https://help.surveymonkey.com/en/wufoo/build/page-rules/
Sentiment Analysis,https://help.surveymonkey.com/en/surveymonkey/analyze/sentiment-analysis/
API Documentation,https://help.surveymonkey.com/en/apply/advanced/api-docs/
Survey End Page,https://help.surveymonkey.com/en/surveymonkey/create/survey-end-page/
Mobile SDK,https://help.surveymonkey.com/en/surveymonkey/send/mobile-sdk/
Tableau Integration,https://help.surveymonkey.com/en/surveymonkey/integrations/tableau-integration/
Rating Scale Question,https://help.surveymonkey.com/en/apply/build/rating-scale-question/
Survey Theme: Website,https://help.surveymonkey.com/en/getfeedback/builder/web-theme/
Managing Brand Assets in the Library,https://help.surveymonkey.com/en/surveymonkey/teams/library/
ContentSquare Integration,https://help.surveymonkey.com/en/getfeedback/integrations/contentsquare-integration/
Benchmarking,https://help.surveymonkey.com/en/getfeedback/insights/benchmarking/
How to Create a Program,https://help.surveymonkey.com/en/apply/build/create-program/
Export Control Policy,https://help.surveymonkey.com/en/surveymonkey/policy/export-control-policy/
Inserting Additional Text,https://help.surveymonkey.com/en/surveymonkey/create/inserting-additional-text/
Transferring Surveys to Another Account,https://help.surveymonkey.com/en/surveymonkey/manage/transferring-surveys/
Crosstab Reports,https://help.surveymonkey.com/en/surveymonkey/analyze/crosstabs/
Data Collection and Privacy Best Practices,https://help.surveymonkey.com/en/surveymonkey/policy/data-collection-privacy/
HIPAA Compliance and SurveyMonkey,https://help.surveymonkey.com/en/surveymonkey/policy/hipaa/
How to Manage Reviewer Team Members,https://help.surveymonkey.com/en/apply/monitor/manage-reviewers/
Attach File Task,https://help.surveymonkey.com/en/apply/build/attach-file/
Email Log Reports,https://help.surveymonkey.com/en/apply/analyze/email-log-reports/
IP Tracking,https://help.surveymonkey.com/en/surveymonkey/send/ip-tracking/
"Team Seats, Roles, and Permissions",https://help.surveymonkey.com/en/surveymonkey/teams/team-roles-permissions/
Designing & Applying Themes,https://help.surveymonkey.com/en/wufoo/themes/theme-designer/
Your Login Details,https://help.surveymonkey.com/en/surveymonkey/account/email-username-password/
Language Codes,https://help.surveymonkey.com/en/surveymonkey/send/language-code/
User Report,https://help.surveymonkey.com/en/surveymonkey/teams/user-report/
Multilingual Surveys,https://help.surveymonkey.com/en/surveymonkey/manage/multilingual-surveys/
Automated Emails with Salesforce,https://help.surveymonkey.com/en/getfeedback/salesforce/salesforce-automated-emails/
Installing on Websites,https://help.surveymonkey.com/en/getfeedback/channels/web-implementation/
Webhooks Integration,https://help.surveymonkey.com/en/getfeedback/integrations/webhooks-integration/
JavaScript API,https://help.surveymonkey.com/en/getfeedback/builder/javascript-api/
Understanding the Reviewer Portal,https://help.surveymonkey.com/en/apply/monitor/reviewer-portal/
Benchmarkable Questions & Templates,https://help.surveymonkey.com/en/surveymonkey/create/available-benchmarks/
Single Textbox Question,https://help.surveymonkey.com/en/surveymonkey/create/single-textbox/
How to Create a Custom Field,https://help.surveymonkey.com/en/apply/features/custom-fields/
Wufoo W-9 Form,https://help.surveymonkey.com/en/wufoo/account/wufoo-w9-info/
Twitter,https://help.surveymonkey.com/en/wufoo/integrations/twitter/
How to Contact GetFeedback,https://help.surveymonkey.com/en/getfeedback/account/how-to-contact/
Zapier Integration,https://help.surveymonkey.com/en/getfeedback/integrations/zapier-integration/
How to Search for Applications,https://help.surveymonkey.com/en/apply/monitor/app-search/
Can I add a reward to my survey?,https://help.surveymonkey.com/en/surveymonkey/create/adding-rewards/
Web Feedback Dashboard,https://help.surveymonkey.com/en/getfeedback/insights/web-feedback-dashboard/
Can I limit the number of answer choices a respondent can select?,https://help.surveymonkey.com/en/surveymonkey/create/limiting-answer-choices-2/
How to Send Emails from Manage Users,https://help.surveymonkey.com/en/apply/monitor/emails-manage-users/
How to Add CAS Details,https://help.surveymonkey.com/en/apply/advanced/cas-details/
Embedding Questions in Email Invitations,https://help.surveymonkey.com/en/surveymonkey/send/embedding-questions/
Sending Transactional Emails from Salesforce,https://help.surveymonkey.com/en/getfeedback/salesforce/salesforce-transactional-emails/
Email Notifications,https://help.surveymonkey.com/en/wufoo/share/email-notifications/
Welcome to the New Wufoo Experience,https://help.surveymonkey.com/en/wufoo/build/wufoo-new/
Build Mode Videos,https://help.surveymonkey.com/en/apply/apply-training-videos/build-mode-videos/
Shared Data Pages,https://help.surveymonkey.com/en/surveymonkey/analyze/shared-data-pages/
Embedding Surveys in Salesforce Email Signatures,https://help.surveymonkey.com/en/getfeedback/salesforce/salesforce-embed-csat-survey-signature/
Survey Theme: Email,https://help.surveymonkey.com/en/getfeedback/builder/email-theme/
GetFeedback Cancellation Policy,https://help.surveymonkey.com/en/getfeedback/account/cancellation-policy/
Custom Variables,https://help.surveymonkey.com/en/getfeedback/builder/custom-variables/
Export Won’t Download or Open,https://help.surveymonkey.com/en/surveymonkey/analyze/exports-wont-open/
Survey Languages,https://help.surveymonkey.com/en/getfeedback/builder/survey-languages/
Adding a Hyperlink,https://help.surveymonkey.com/en/surveymonkey/create/adding-hyperlinks/
Email Summary Reports and Dashboards,https://help.surveymonkey.com/en/getfeedback/insights/email-reports-dashboards/
Why was I charged again?,https://help.surveymonkey.com/en/surveymonkey/billing/automatic-renewals/
How to Create a Program Category,https://help.surveymonkey.com/en/apply/build/create-category/
SurveyMonkey Plans,https://help.surveymonkey.com/en/surveymonkey/billing/surveymonkey-plans/
How to Convert Values to a String (STR),https://help.surveymonkey.com/en/apply/advanced/convert-to-string/
Statistical Significance,https://help.surveymonkey.com/en/surveymonkey/analyze/significant-differences/
Checkboxes Question,https://help.surveymonkey.com/en/surveymonkey/create/checkbox/
Form Rules,https://help.surveymonkey.com/en/wufoo/build/form-rules/
Accepted File Formats for Attachments,https://help.surveymonkey.com/en/apply/build/attachment-formats/
How to Find the Largest Value (MAX),https://help.surveymonkey.com/en/apply/advanced/largest-value/
SurveyMonkey Login Updates,https://help.surveymonkey.com/en/surveymonkey/account/surveymonkey-login-updates/
Offline Mode,https://help.surveymonkey.com/en/surveymonkey/send/offline-mode/
Using Salesforce Actions,https://help.surveymonkey.com/en/getfeedback/salesforce/salesforce-using-actions/
File Manager,https://help.surveymonkey.com/en/wufoo/build/file-manager/
Schedule an Open or Close Date for a Form,https://help.surveymonkey.com/en/wufoo/build/schedule-form/
How to Return a Substring of Characters from a String (SUBSTR),https://help.surveymonkey.com/en/apply/advanced/return-substring-char/
Changing the Form Language,https://help.surveymonkey.com/en/wufoo/build/form-language/
Single-page Applications (SPA),https://help.surveymonkey.com/en/getfeedback/channels/single-page-applications/
How to Manage Email Templates,https://help.surveymonkey.com/en/apply/features/email-templates/
Multiple Textboxes Question,https://help.surveymonkey.com/en/surveymonkey/create/multiple-textboxes/
Trello Integration,https://help.surveymonkey.com/en/getfeedback/integrations/trello-integration/
Team Billing,https://help.surveymonkey.com/en/surveymonkey/billing/team-billing/
How to Apply a Custom Field Value,https://help.surveymonkey.com/en/apply/features/custom-field-values/
Tracking Email Responses in Salesforce,https://help.surveymonkey.com/en/getfeedback/salesforce/salesforce-email-tracking/
Working with Others on Surveys,https://help.surveymonkey.com/en/surveymonkey/teams/working-with-others/
Planned Site Maintenance,https://help.surveymonkey.com/en/surveymonkey/site/site-maintenance/
Emailing Surveys from Salesforce Reports,https://help.surveymonkey.com/en/getfeedback/salesforce/salesforce-email-contacts-from-reports/
Ranking Question,https://help.surveymonkey.com/en/surveymonkey/create/ranking-question/
Can I time surveys?,https://help.surveymonkey.com/en/surveymonkey/send/can-i-time-surveys/
Site Status Information,https://help.surveymonkey.com/en/surveymonkey/site/site-status-information/
Editing Survey Responses,https://help.surveymonkey.com/en/surveymonkey/send/editing-survey-responses/
Account Response Limits,https://help.surveymonkey.com/en/surveymonkey/billing/response-limits/
Salesforce Managed App,https://help.surveymonkey.com/en/getfeedback/salesforce/salesforce-managed-app/
Updating Salesforce Campaign Members,https://help.surveymonkey.com/en/getfeedback/salesforce/salesforce-add-campaign-member/
Sending Multilingual Surveys by Email Invitation,https://help.surveymonkey.com/en/surveymonkey/send/email-multilingual-surveys/
Survey Introductions,https://help.surveymonkey.com/en/surveymonkey/create/survey-introduction/
How to Clean up your Applications for a New Cycle,https://help.surveymonkey.com/en/apply/monitor/clean-up-apps/
Confirmation Options & Form Closed Options,https://help.surveymonkey.com/en/wufoo/build/form-confirmation/
Managing Individual Entries,https://help.surveymonkey.com/en/wufoo/reports/individual-entries/
Auto-Renew,https://help.surveymonkey.com/en/surveymonkey/billing/auto-renew/
Slack Integration,https://help.surveymonkey.com/en/getfeedback/integrations/slack-integration/
Web Overlay Surveys (Modals),https://help.surveymonkey.com/en/getfeedback/channels/web-overlay/
Recurring Web Link Surveys,https://help.surveymonkey.com/en/surveymonkey/send/recurring-surveys/
CAS: Best Practices,https://help.surveymonkey.com/en/apply/advanced/cas-best-practices/
Page Titles & Page Descriptions,https://help.surveymonkey.com/en/surveymonkey/create/page-question-titles/
Building a Form,https://help.surveymonkey.com/en/wufoo/build/form-builder/
Report a Security Issue,https://help.surveymonkey.com/en/surveymonkey/policy/report-a-security-issue/
Disqualifying Respondents,https://help.surveymonkey.com/en/surveymonkey/create/disqualifying-respondents/
Credit Card Payments,https://help.surveymonkey.com/en/surveymonkey/billing/credit-card-payments/
Where do my exports go after I download them?,https://help.surveymonkey.com/en/surveymonkey/analyze/finding-exports/
HootSuite Integration,https://help.surveymonkey.com/en/surveymonkey/integrations/hootsuite-integration/
Dropdown Question,https://help.surveymonkey.com/en/surveymonkey/create/dropdown/
Viewing Your Survey Summary,https://help.surveymonkey.com/en/surveymonkey/manage/survey-summary/
Sharing and Transferring Surveys,https://help.surveymonkey.com/en/getfeedback/account/sharing-surveys/
Supported Browsers,https://help.surveymonkey.com/en/getfeedback/account/supported-browsers/
Filtering Survey Results,https://help.surveymonkey.com/en/surveymonkey/analyze/filter-rules/
Missing Survey Responses,https://help.surveymonkey.com/en/surveymonkey/analyze/missing-survey-responses/
Adding Terms or a Consent Statement to a Form,https://help.surveymonkey.com/en/wufoo/build/consent-statement/
Customer Complaints & Dispute Resolution,https://help.surveymonkey.com/en/wufoo/account/complaints-disputes/
How to Set Up an Advanced Review Stage,https://help.surveymonkey.com/en/apply/build/advanced-review/
Form Question Types: Overview,https://help.surveymonkey.com/en/apply/build/question-types/
Discounts,https://help.surveymonkey.com/en/surveymonkey/billing/discounts/
GetFeedback API,https://help.surveymonkey.com/en/getfeedback/channels/getfeedback-api/
Keeping Your Account Secure,https://help.surveymonkey.com/en/wufoo/account/account-security/
JavaScript Question,https://help.surveymonkey.com/en/apply/build/javascript-question/
"Sorting, Randomizing, or Flipping Answer Choices",https://help.surveymonkey.com/en/surveymonkey/create/randomizing-answers/
SurveyMonkey and IRB Guidelines,https://help.surveymonkey.com/en/surveymonkey/policy/irb-guidelines/
Form Settings,https://help.surveymonkey.com/en/wufoo/build/form-settings/
Piping Variables: Overview,https://help.surveymonkey.com/en/apply/advanced/variables-overview/
Professional Services,https://help.surveymonkey.com/en/surveymonkey/teams/expert-services/
Tracking Email Invitations,https://help.surveymonkey.com/en/surveymonkey/send/tracking-email-invitations/
Fill out a Form Task,https://help.surveymonkey.com/en/apply/build/fill-out-a-form/
How to Pipe Variables into Forms,https://help.surveymonkey.com/en/apply/advanced/form-variables/
Settings Videos,https://help.surveymonkey.com/en/apply/apply-training-videos/settings-videos/
Filtering by Metadata in Workspaces,https://help.surveymonkey.com/en/getfeedback/insights/workspaces-metadata-filter/
Star Rating Question,https://help.surveymonkey.com/en/surveymonkey/create/star-rating/
How to Sign Up or Upgrade,https://help.surveymonkey.com/en/surveymonkey/billing/upgrading/
Resuming Incomplete Surveys,https://help.surveymonkey.com/en/getfeedback/builder/resuming-incomplete-surveys/
How to Add/Remove a Reviewer,https://help.surveymonkey.com/en/apply/monitor/add-remove-reviewer/
Salesforce Action Logs: Overview,https://help.surveymonkey.com/en/apply/advanced/salesforce-action-logs/
Can I upload or import a survey?,https://help.surveymonkey.com/en/surveymonkey/create/importing-surveys/
Yes or No Questions,https://help.surveymonkey.com/en/surveymonkey/create/yes-or-no-questions/
How to Buy Industry Benchmarks,https://help.surveymonkey.com/en/surveymonkey/analyze/benchmarks/
Adding Answer Choices in Bulk,https://help.surveymonkey.com/en/surveymonkey/create/bulk-answer-choices/
Idea Screening Solution,https://help.surveymonkey.com/en/surveymonkey/solutions/idea-screening/
Net Promoter® Score (NPS),https://help.surveymonkey.com/en/surveymonkey/create/net-promoter-score/
Preview and Draft Mode,https://help.surveymonkey.com/en/getfeedback/builder/preview-draft-mode/
Adding and Editing Fields,https://help.surveymonkey.com/en/wufoo/build/add-edit-fields/
Question & Answer Piping,https://help.surveymonkey.com/en/surveymonkey/create/question-answer-piping/
SurveyMonkey Apply Term Glossary,https://help.surveymonkey.com/en/apply/getting-started/glossary/
Salesforce Field Mapping,https://help.surveymonkey.com/en/getfeedback/salesforce/salesforce-mapping-guide/
Custom Sender Name and Email Domain,https://help.surveymonkey.com/en/surveymonkey/teams/custom-sender-name/
Adding Extra Text with Section Break Fields,https://help.surveymonkey.com/en/wufoo/build/section-break/
Completing an Application FAQ,https://help.surveymonkey.com/en/apply/faqs/application-faq/
How to Manage Conflicts of Interest with Reviewers,https://help.surveymonkey.com/en/apply/monitor/manage-reviewer-coi/
Custom Question Bank,https://help.surveymonkey.com/en/surveymonkey/teams/custom-question-bank/
"Using HTML to Add Images, Links, and Text Formatting",https://help.surveymonkey.com/en/wufoo/themes/using-html/
How to Create a Custom Admin Permission Set,https://help.surveymonkey.com/en/apply/features/custom-admin-permissions/
Kiosk Mode,https://help.surveymonkey.com/en/surveymonkey/send/kiosk-mode/
Why does the survey time out or not fully load a page?,https://help.surveymonkey.com/en/surveymonkey/send/survey-timeouts/
How to Archive Tasks to Preserve Collected Data,https://help.surveymonkey.com/en/apply/build/archive-tasks/
Google Analytics Integration,https://help.surveymonkey.com/en/getfeedback/integrations/google-analytics-integration/
Adding an N/A (Not Applicable) Option,https://help.surveymonkey.com/en/surveymonkey/create/not-applicable-option/
Your Billing Information,https://help.surveymonkey.com/en/wufoo/account/billing-info/
How to Allow a Program to Accept Multiple Applications,https://help.surveymonkey.com/en/apply/build/multiple-apps/
Turning a Survey On or Off,https://help.surveymonkey.com/en/getfeedback/builder/turning-surveys-on-off/
Divisions,https://help.surveymonkey.com/en/surveymonkey/teams/divisions/
Response Rate,https://help.surveymonkey.com/en/surveymonkey/solutions/response-rate/
Setting Up Notifications,https://help.surveymonkey.com/en/wufoo/share/notifications/
Wufoo Non-Profit Discount,https://help.surveymonkey.com/en/wufoo/account/non-profit-discount/
How to Move Applications to Trash,https://help.surveymonkey.com/en/apply/monitor/trash-app/
Google Add-Ons,https://help.surveymonkey.com/en/surveymonkey/integrations/google-add-ons/
Using Merge Fields in Survey Logic,https://help.surveymonkey.com/en/getfeedback/builder/merge-fields-logic/
Price Optimization (Van Westendorp),https://help.surveymonkey.com/en/surveymonkey/solutions/van-westendorp/
Responses Explorer,https://help.surveymonkey.com/en/getfeedback/insights/responses-explorer/
Automations: Overview,https://help.surveymonkey.com/en/apply/build/automation-overview/
Basic Statistics,https://help.surveymonkey.com/en/surveymonkey/analyze/basic-statistics/
Managing Survey Collector Options,https://help.surveymonkey.com/en/surveymonkey/send/collector-options/
Offline Mode in Apps,https://help.surveymonkey.com/en/getfeedback/channels/app-offline-mode/
Whitelabeling & Branding Your Surveys,https://help.surveymonkey.com/en/getfeedback/builder/branding-surveys/
Audience Credits,https://help.surveymonkey.com/en/surveymonkey/billing/audience-credits/
Managing your Organization FAQ,https://help.surveymonkey.com/en/apply/faqs/organization-faq/
Manually Entering Survey Responses,https://help.surveymonkey.com/en/surveymonkey/send/manual-entry/
How to Manage a Program Budget,https://help.surveymonkey.com/en/apply/monitor/manage-budget/
SurveyMonkey for Salesforce: Web Link Encryption,https://help.surveymonkey.com/en/surveymonkey/integrations/salesforce-link-encryption/
SurveyMonkey Audience Design Guidelines,https://help.surveymonkey.com/en/surveymonkey/solutions/audience-guidelines/
Release Notes – GetFeedback,https://help.surveymonkey.com/en/getfeedback/new/release-notes-getfeedback/
Release Notes – October 2024,https://help.surveymonkey.com/en/surveymonkey/new/release-notes-october-2024/
How to Opt Out or Unsubscribe,https://help.surveymonkey.com/en/surveymonkey/account/opt-out/
Site Search Tool,https://help.surveymonkey.com/en/apply/monitor/site-search-tool/
How do I know my responses were recorded?,https://help.surveymonkey.com/en/surveymonkey/send/response-recording/
Carry Forward Responses,https://help.surveymonkey.com/en/surveymonkey/create/carry-forward/
Survey Takers Can’t Complete My Survey,https://help.surveymonkey.com/en/surveymonkey/send/survey-completion-issue/
How to Add SAML Details,https://help.surveymonkey.com/en/apply/advanced/saml-details/
Salesforce Custom Mapping,https://help.surveymonkey.com/en/getfeedback/salesforce/salesforce-custom-mapping/
How to Delete a Task,https://help.surveymonkey.com/en/apply/build/delete-task/
How to Add/Manage Administrators,https://help.surveymonkey.com/en/apply/features/manage-admins/
Can I create a question that sums the numbers or shows a running total?,https://help.surveymonkey.com/en/surveymonkey/create/running-total/
How to use In-Form Piping,https://help.surveymonkey.com/en/apply/advanced/in-form-piping/
How to Filter Users,https://help.surveymonkey.com/en/apply/monitor/user-filters/
Custom Variables,https://help.surveymonkey.com/en/surveymonkey/send/custom-variables/
Zendesk Custom Mapping,https://help.surveymonkey.com/en/getfeedback/zendesk/zendesk-custom-mapping/
File Upload Question,https://help.surveymonkey.com/en/surveymonkey/create/file-upload/
Validating Open-Ended Text Fields,https://help.surveymonkey.com/en/surveymonkey/create/validating-text-fields/
Dropdown Field,https://help.surveymonkey.com/en/wufoo/build/dropdown-field/
Thematic Analysis,https://help.surveymonkey.com/en/surveymonkey/analyze/thematic-analysis/
Encrypted Fields,https://help.surveymonkey.com/en/wufoo/build/encrypted-field/
Excluding Respondents who Skipped Questions,https://help.surveymonkey.com/en/surveymonkey/analyze/skipped-questions/
"Form Title, Name, and Description",https://help.surveymonkey.com/en/wufoo/build/form-name/
Zendesk Integration,https://help.surveymonkey.com/en/surveymonkey/integrations/zendesk-integration/
Word Cloud,https://help.surveymonkey.com/en/surveymonkey/analyze/word-cloud/
Trap Questions,https://help.surveymonkey.com/en/surveymonkey/create/trap-questions/
Salesforce Visualforce Email Templates,https://help.surveymonkey.com/en/getfeedback/salesforce/salesforce-visualforce-email-templates/
Using Rules to Break Down Survey Results,https://help.surveymonkey.com/en/surveymonkey/analyze/using-rules/
Showing or Hiding Fields,https://help.surveymonkey.com/en/getfeedback/builder/show-hide-fields/
Editing a Live Form,https://help.surveymonkey.com/en/wufoo/build/live-forms/
Survey Response Statuses,https://help.surveymonkey.com/en/surveymonkey/analyze/response-statuses/
Sending a Survey via Text Message,https://help.surveymonkey.com/en/surveymonkey/send/text-message/
How Cookies and Local Storage are Used,https://help.surveymonkey.com/en/getfeedback/account/how-cookies-are-used/
Creating Custom Buttons in Salesforce,https://help.surveymonkey.com/en/getfeedback/salesforce/salesforce-custom-buttons/
Can a survey be saved and finished later?,https://help.surveymonkey.com/en/surveymonkey/send/saving-surveys/
How to Pipe Variables into Emails,https://help.surveymonkey.com/en/apply/advanced/email-variables/
Reusable Applicant Tasks,https://help.surveymonkey.com/en/apply/build/reusable-task/
Using Templating to Customize Notifications & Confirmation Emails,https://help.surveymonkey.com/en/wufoo/build/custom-templates/
SurveyMonkey for Salesforce: Managed Package,https://help.surveymonkey.com/en/surveymonkey/integrations/salesforce-managed-package/
Manage Your Team’s Surveys,https://help.surveymonkey.com/en/surveymonkey/teams/manage-your-teams-surveys/
Name Field,https://help.surveymonkey.com/en/wufoo/build/name-field/
Creating Workspaces,https://help.surveymonkey.com/en/getfeedback/insights/workspaces/
How to Set Up a Simple Review Stage,https://help.surveymonkey.com/en/apply/build/simple-review/
Analyze Multiple Surveys Together,https://help.surveymonkey.com/en/surveymonkey/analyze/multi-survey-analysis/
Viewing a Specific Comment in the Analysis,https://help.surveymonkey.com/en/surveymonkey/analyze/viewing-comments/
Ways to Share Your Form,https://help.surveymonkey.com/en/wufoo/share/sharing-forms/
Supported HTML,https://help.surveymonkey.com/en/surveymonkey/create/html/
Customizing Survey Links,https://help.surveymonkey.com/en/surveymonkey/send/custom-survey-links/
Filtering by Open Text Questions in Workspaces,https://help.surveymonkey.com/en/getfeedback/insights/workspaces-open-text-filter/
Salesforce Case Closed Survey Workflows,https://help.surveymonkey.com/en/getfeedback/salesforce/salesforce-case-closed/
Getting Started with In-App Feedback,https://help.surveymonkey.com/en/getfeedback/channels/getting-started-with-in-app-feedback/
Your New Wufoo Plan,https://help.surveymonkey.com/en/wufoo/account/your-new-plan/
Release Notes – January 2025,https://help.surveymonkey.com/en/surveymonkey/new/release-notes-january-2025/
SurveyMonkey Contribute,https://help.surveymonkey.com/en/surveymonkey/solutions/surveymonkey-contribute/
Chattermill Integration,https://help.surveymonkey.com/en/getfeedback/integrations/chattermill-integration/
Monthly Payment Option,https://help.surveymonkey.com/en/surveymonkey/billing/monthly-payment-option/
Filtering by Choice Questions in Workspaces,https://help.surveymonkey.com/en/getfeedback/insights/workspaces-choice-filter/
Text Response Question,https://help.surveymonkey.com/en/apply/build/text-response/
Troubleshooting Exports,https://help.surveymonkey.com/en/surveymonkey/analyze/troubleshooting-exports/
Your Wufoo Data,https://help.surveymonkey.com/en/wufoo/account/your-wufoo-data/
Navigation Buttons,https://help.surveymonkey.com/en/surveymonkey/create/navigation-buttons/
Getting Text Message Invitations,https://help.surveymonkey.com/en/surveymonkey/send/sms/
How to Set Up an Application Stage,https://help.surveymonkey.com/en/apply/build/app-stage/
Salesforce-Ready Survey Templates,https://help.surveymonkey.com/en/getfeedback/salesforce/salesforce-ready-surveys/
How to Convert a Value to a Single Floating Point (REAL),https://help.surveymonkey.com/en/apply/advanced/convert-to-real/
Survey Link Doesn’t Work,https://help.surveymonkey.com/en/surveymonkey/send/broken-survey-link/
SurveyMonkey and Privacy Rights,https://help.surveymonkey.com/en/surveymonkey/policy/privacy-rights/
Managing Permissions in Insights,https://help.surveymonkey.com/en/getfeedback/account/insights-team-permissions/
Salesforce Permissions Guide,https://help.surveymonkey.com/en/getfeedback/salesforce/salesforce-permissions-guide/
Kiosk Surveys,https://help.surveymonkey.com/en/getfeedback/programs/kiosk-surveys/
GetFeedback Product Overview,https://help.surveymonkey.com/en/getfeedback/account/product-overview/
Custom Survey Links and Domains,https://help.surveymonkey.com/en/getfeedback/builder/custom-survey-links/
Allow List Information,https://help.surveymonkey.com/en/getfeedback/channels/allow-list-information/
Using API Information and Webhooks,https://help.surveymonkey.com/en/wufoo/integrations/wufoo-api/
Creating Tickets in Zendesk from Web Button Responses (app.usabilla.com),https://help.surveymonkey.com/en/getfeedback/zendesk/zendesk-create-tickets/
Automation Log,https://help.surveymonkey.com/en/apply/analyze/automation-log/
Using the Link Builder to Add Merge Fields,https://help.surveymonkey.com/en/getfeedback/builder/link-builder/
How to Test your Salesforce Integration,https://help.surveymonkey.com/en/apply/advanced/test-salesforce-integration/
How To Get The Most Out Of Implementation,https://help.surveymonkey.com/en/apply/getting-started/how-to-get-the-most-out-of-implementation/
Sharing a Link to Your Form,https://help.surveymonkey.com/en/wufoo/share/form-links/
How to Set Up Registration,https://help.surveymonkey.com/en/apply/features/registration-setup/
Salesforce Merge Fields,https://help.surveymonkey.com/en/getfeedback/salesforce/salesforce-merge-fields/
Introduction to SurveyMonkey Apply: Reviews & Assignments,https://help.surveymonkey.com/en/apply/getting-started/intro-reviews-assignments/
Changing Field Label Placement,https://help.surveymonkey.com/en/wufoo/themes/field-labels/
Payment Options,https://help.surveymonkey.com/en/getfeedback/account/payment-options/
Supported browsers,https://help.surveymonkey.com/en/apply/faqs/supported-browsers/
Usage and Attitudes,https://help.surveymonkey.com/en/surveymonkey/solutions/usage-attitudes/
Account Types and Account Ownership,https://help.surveymonkey.com/en/surveymonkey/policy/data-ownership/
Survey Design System Messages,https://help.surveymonkey.com/en/surveymonkey/site/system-messages/
Measuring Customer Satisfaction (CSAT) with Salesforce,https://help.surveymonkey.com/en/getfeedback/salesforce/salesforce-measure-csat/
Release Notes – November 2024,https://help.surveymonkey.com/en/surveymonkey/new/release-notes-november-2024/
Printing a PDF of a Survey,https://help.surveymonkey.com/en/surveymonkey/manage/printing-survey-pdfs/
Previously Recorded Webinars,https://help.surveymonkey.com/en/apply/getting-started/previously-recorded-webinars/
Using Themes to Style Surveys,https://help.surveymonkey.com/en/surveymonkey/create/themes/
Get Feedback on Error Pages,https://help.surveymonkey.com/en/getfeedback/programs/error-page-feedback/
Creating a Real-Time Poll,https://help.surveymonkey.com/en/getfeedback/programs/real-time-polls/
Connecting to Zendesk,https://help.surveymonkey.com/en/getfeedback/zendesk/connect-to-zendesk/
Accepting Payments,https://help.surveymonkey.com/en/surveymonkey/create/accepting-payments/
Salesforce: How to Prepare,https://help.surveymonkey.com/en/apply/advanced/salesforce-prep/
Financial Management Videos,https://help.surveymonkey.com/en/apply/apply-training-videos/financial-management-videos/
Answer Genius,https://help.surveymonkey.com/en/surveymonkey/create/answer-genius/
About the Cookies Wufoo Uses,https://help.surveymonkey.com/en/wufoo/account/wufoo-cookies/
How to Sign Up or Upgrade,https://help.surveymonkey.com/en/wufoo/account/upgrade-your-plan/
Applicant + Applications (All Programs) Reports,https://help.surveymonkey.com/en/apply/analyze/program-reports/
Salesforce V4: Overview,https://help.surveymonkey.com/en/apply/advanced/salesforce-v4-overview/
Quick Launch with Salesforce and Zendesk,https://help.surveymonkey.com/en/getfeedback/programs/quick-launch/
Two-factor Authentication (2FA),https://help.surveymonkey.com/en/surveymonkey/account/two-factor-authentication/
Survey Permissions to Shared Surveys,https://help.surveymonkey.com/en/surveymonkey/teams/access-levels/
Matrix/Rating Scale Question,https://help.surveymonkey.com/en/surveymonkey/create/matrix-rating-scale/
One-touch Surveys,https://help.surveymonkey.com/en/getfeedback/channels/email-embed/
Drill Down Question,https://help.surveymonkey.com/en/apply/build/drill-down-question/
Embedding Surveys in Salesforce Communities,https://help.surveymonkey.com/en/getfeedback/salesforce/salesforce-communities-component/
Encrypting Merge Fields,https://help.surveymonkey.com/en/getfeedback/builder/encrypting-merge-fields/
Get Feedback When Respondents Leave a Site,https://help.surveymonkey.com/en/getfeedback/programs/feedback-when-leaving-site/
Skip Logic,https://help.surveymonkey.com/en/surveymonkey/create/skip-logic/
How to Find the Smallest Value (MIN),https://help.surveymonkey.com/en/apply/advanced/smallest-value/
Translations: Overview,https://help.surveymonkey.com/en/apply/features/translations-overview/
Legal Center Pages,https://help.surveymonkey.com/en/surveymonkey/policy/legal-center-pages/
Using CSS Keywords to Adjust Layout,https://help.surveymonkey.com/en/wufoo/themes/layout-css/
How to add an Identifier to a Question,https://help.surveymonkey.com/en/apply/build/identifier-question/
How to Set Up an Advanced Review (Ranking) Form,https://help.surveymonkey.com/en/apply/build/review-ranking/
How to Add/Edit an Applicant Task,https://help.surveymonkey.com/en/apply/build/add-edit-applicant/
Changing the Question Size and Layout,https://help.surveymonkey.com/en/surveymonkey/create/question-size-layout/
5 Tips for Writing a Great Survey,https://help.surveymonkey.com/en/surveymonkey/create/survey-tips/
Using Salesforce Flows,https://help.surveymonkey.com/en/getfeedback/salesforce/salesforce-using-flows/
Advanced Mapping with Relationships,https://help.surveymonkey.com/en/apply/advanced/salesforce-relationship-mapping/
Question Skip Logic,https://help.surveymonkey.com/en/surveymonkey/create/question-skip-logic/
Name Question,https://help.surveymonkey.com/en/surveymonkey/create/name/
Can I assign numerical values to answer choices?,https://help.surveymonkey.com/en/surveymonkey/analyze/assigning-numerical-values/
How to Add a Label to an Application,https://help.surveymonkey.com/en/apply/monitor/label-app/
Creative and Concept Testing Solutions,https://help.surveymonkey.com/en/surveymonkey/solutions/concept-testing/
Quizzes,https://help.surveymonkey.com/en/surveymonkey/create/quizzes/
Getting Started with GetFeedback for Salesforce,https://help.surveymonkey.com/en/getfeedback/salesforce/getting-started-getfeedback-salesforce/
Improve Sales Success with Salesforce,https://help.surveymonkey.com/en/getfeedback/programs/salesforce-improve-sales-success/
General Technical Issues,https://help.surveymonkey.com/en/surveymonkey/site/general-technical-issues/
Salesforce Integration Videos,https://help.surveymonkey.com/en/apply/apply-training-videos/salesforce-integration-videos/
Team Usage Report,https://help.surveymonkey.com/en/getfeedback/account/team-usage-report/
Email to a List,https://help.surveymonkey.com/en/getfeedback/channels/send-to-a-list/
NPS Key Driver Analysis,https://help.surveymonkey.com/en/getfeedback/insights/nps-key-driver-analysis/
Adding an “Other” Textbox or Comment Field,https://help.surveymonkey.com/en/surveymonkey/create/other-textboxes/
Filtering Your Results,https://help.surveymonkey.com/en/getfeedback/insights/filter-results/
Your Account’s Monthly Entry Limit,https://help.surveymonkey.com/en/wufoo/account/account-entry-limits/
How to Pay by Invoice,https://help.surveymonkey.com/en/surveymonkey/billing/invoice-billing/
Manage Accounts with SCIM,https://help.surveymonkey.com/en/surveymonkey/teams/scim/
Site Activity Log,https://help.surveymonkey.com/en/apply/analyze/site-activity-log/
Enabling HTML in the Survey Editor,https://help.surveymonkey.com/en/getfeedback/builder/enabling-html/
Question Types,https://help.surveymonkey.com/en/surveymonkey/create/question-types/
"Data Processing Agreements, Storage, and Transfers (EU)",https://help.surveymonkey.com/en/surveymonkey/policy/data-processing-agreements-eu/
Adding and Editing Questions,https://help.surveymonkey.com/en/surveymonkey/create/editing-questions/
Show Rules,https://help.surveymonkey.com/en/surveymonkey/analyze/show-rules/
NPS Crosstab Analysis,https://help.surveymonkey.com/en/getfeedback/insights/nps-crosstab-analysis/
Managing Users & Permissions,https://help.surveymonkey.com/en/wufoo/account/managing-users/
Providing a Recommendation FAQ,https://help.surveymonkey.com/en/apply/faqs/recommendation-faq/
Adding a Quota,https://help.surveymonkey.com/en/surveymonkey/create/quotas/
Collecting Payments Through Your Form,https://help.surveymonkey.com/en/wufoo/build/collect-payment/
Admin FAQ,https://help.surveymonkey.com/en/apply/faqs/admin-faq/
Setting a Cutoff Date & Time,https://help.surveymonkey.com/en/surveymonkey/send/cuttoff-date-time/
How to Lock/Unlock Applications,https://help.surveymonkey.com/en/apply/monitor/lock-unlock-app/
Custom Roles,https://help.surveymonkey.com/en/surveymonkey/teams/custom-roles/
Changing the SurveyMonkey Footer,https://help.surveymonkey.com/en/surveymonkey/create/surveymonkey-footer/
Question & Page Randomization,https://help.surveymonkey.com/en/surveymonkey/create/question-page-randomization/
Export Examples,https://help.surveymonkey.com/en/surveymonkey/analyze/export-examples/
Choosing a Merchant for Your Payment Form,https://help.surveymonkey.com/en/wufoo/integrations/choose-merchant/
Viewing Entries in the Entry Manager,https://help.surveymonkey.com/en/wufoo/reports/entry-manager/
Getting Feedback on Surveys and Results,https://help.surveymonkey.com/en/surveymonkey/analyze/commenting/
Release Notes – March 2025,https://help.surveymonkey.com/en/surveymonkey/new/release-notes-march-2025/
Viewing Individual Responses,https://help.surveymonkey.com/en/surveymonkey/analyze/individual-responses/
How to Analyze Results,https://help.surveymonkey.com/en/surveymonkey/analyze/analyzing-results/
How to Safely Make Changes to a Live Form,https://help.surveymonkey.com/en/apply/build/change-live-form/
Single Line Text Field,https://help.surveymonkey.com/en/wufoo/build/single-text-field/
Respondents Skipped Required Questions,https://help.surveymonkey.com/en/surveymonkey/analyze/respondents-skipping-questions/
Supported Browsers,https://help.surveymonkey.com/en/wufoo/account/supported-browsers/
Time Field,https://help.surveymonkey.com/en/wufoo/build/time-field/
VWO Integration,https://help.surveymonkey.com/en/getfeedback/integrations/vwo-integration/
How to Convert a Value to Two Floating Points (REALTWO),https://help.surveymonkey.com/en/apply/advanced/convert-to-realtwo/
Microsoft Teams Integration,https://help.surveymonkey.com/en/surveymonkey/integrations/microsoft-teams-integration/
Managing Seats on Your Team,https://help.surveymonkey.com/en/surveymonkey/getting-started/manage-seats/
SurveyMonkey for Salesforce: Mapping Multiple Surveys to a Custom Salesforce Object,https://help.surveymonkey.com/en/surveymonkey/integrations/salesforce-map-multiple-surveys/
Taxes on Wufoo Purchases,https://help.surveymonkey.com/en/wufoo/account/taxes-vat/
Canceling Your Account,https://help.surveymonkey.com/en/wufoo/account/cancelation-policy/
SAML: Best Practices,https://help.surveymonkey.com/en/apply/advanced/saml-best-practices/
Sending a Copy of a Survey to Another Account,https://help.surveymonkey.com/en/surveymonkey/manage/sending-survey-copies/
Supported Browsers,https://help.surveymonkey.com/en/surveymonkey/site/supported-browsers/
Applicant Eligibility,https://help.surveymonkey.com/en/apply/features/applicant-eligibilty/
How to Add New Users,https://help.surveymonkey.com/en/apply/monitor/add-user/
Avoiding Scams,https://help.surveymonkey.com/en/surveymonkey/policy/avoiding-scams/
Reviewing and Assignments FAQ,https://help.surveymonkey.com/en/apply/monitor/review-assign-faq/
Billing Currency,https://help.surveymonkey.com/en/surveymonkey/billing/billing-currency/
Discover Teams at Your Company,https://help.surveymonkey.com/en/surveymonkey/teams/team-discovery/
User Profiles,https://help.surveymonkey.com/en/apply/monitor/user-profiles/
How to Assume the Role of a User,https://help.surveymonkey.com/en/apply/monitor/assume-user-role/
How to Access the CSS Editor,https://help.surveymonkey.com/en/apply/features/css-editor/
Logging in to Your Account,https://help.surveymonkey.com/en/surveymonkey/getting-started/logging-in/
Image Choice Question,https://help.surveymonkey.com/en/surveymonkey/create/image-choice/
How to Contact Wufoo,https://help.surveymonkey.com/en/wufoo/account/how-to-contact/
Multiple Choice Question,https://help.surveymonkey.com/en/surveymonkey/create/multiple-choice/
Payment Processing Times,https://help.surveymonkey.com/en/surveymonkey/billing/payment-processing-times/
SurveyMonkey for Salesforce: Sending Reminder Emails,https://help.surveymonkey.com/en/surveymonkey/integrations/salesforce-reminder-emails/
Application + Review Combined Reports,https://help.surveymonkey.com/en/apply/analyze/combined-reports/
Suspended Mailing Privileges,https://help.surveymonkey.com/en/surveymonkey/send/suspended-mailing-privileges/
SurveyMonkey Audience Custom Balancing,https://help.surveymonkey.com/en/surveymonkey/solutions/audience-custom-balancing/
Accepting Payments with Stripe,https://help.surveymonkey.com/en/surveymonkey/create/stripe/
Composing Email Invitations,https://help.surveymonkey.com/en/surveymonkey/send/composing-email-invitations/
SurveyMonkey Rewards FAQs,https://help.surveymonkey.com/en/surveymonkey/site/rewards-faq/
Ranking Question,https://help.surveymonkey.com/en/apply/build/ranking-question/
Customer Complaints and Dispute Resolution,https://help.surveymonkey.com/en/surveymonkey/policy/customer-complaints-disputes/
Team Activity,https://help.surveymonkey.com/en/surveymonkey/teams/team-activity/
SAML: How to Prepare,https://help.surveymonkey.com/en/apply/advanced/saml-how-to/
How to Create an Eligibility Form,https://help.surveymonkey.com/en/apply/features/eligibity-form/
Scoring Your Survey,https://help.surveymonkey.com/en/surveymonkey/create/survey-score/
Data Exports,https://help.surveymonkey.com/en/apply/analyze/data-exports/
Workflow: Overview,https://help.surveymonkey.com/en/apply/build/workflow-overview/
General Account FAQ,https://help.surveymonkey.com/en/apply/faqs/account-faq/
SurveyMonkey Brand Updates,https://help.surveymonkey.com/en/surveymonkey/solutions/surveymonkey-brand-update/
How to Remove a Label from an Application,https://help.surveymonkey.com/en/apply/monitor/remove-app-label/
How to Require Users to Opt-in during Registration,https://help.surveymonkey.com/en/apply/monitor/require-opt-in/
Marketo Integration,https://help.surveymonkey.com/en/surveymonkey/integrations/marketo-integration/
Avoiding Spam Filters,https://help.surveymonkey.com/en/surveymonkey/send/avoiding-spam-filters/
Sharing Surveys with Others,https://help.surveymonkey.com/en/surveymonkey/manage/sharing-surveys/
Getting Started with Forms,https://help.surveymonkey.com/en/surveymonkey/create/forms/
How to Manage your Salesforce Integration,https://help.surveymonkey.com/en/apply/advanced/manage-salesforce/
SurveyMonkey Apply Data & Privacy,https://help.surveymonkey.com/en/apply/faqs/apply-data-privacy/
Managing AI Feature Access,https://help.surveymonkey.com/en/surveymonkey/account/ai-feature-access/
Deleting a Survey,https://help.surveymonkey.com/en/surveymonkey/manage/survey-deletion/
How to Add Translations to a Form,https://help.surveymonkey.com/en/apply/build/form-translations/
How to Apply a Custom (Vanity) URL,https://help.surveymonkey.com/en/apply/features/custom-url/
Combining or Hiding Answer Choices,https://help.surveymonkey.com/en/surveymonkey/analyze/combining-hiding-answer-choices/
How to Set Up Time-based Automations,https://help.surveymonkey.com/en/apply/build/time-based-automation/
Activity Log Reports,https://help.surveymonkey.com/en/apply/analyze/activity-reports/
Automation FAQ,https://help.surveymonkey.com/en/apply/build/automation-faq/
Automate with Quick Actions in Connect,https://help.surveymonkey.com/en/surveymonkey/integrations/connect/
How to Rename a Stage,https://help.surveymonkey.com/en/apply/build/rename-stage/
How to Move a Program to Trash,https://help.surveymonkey.com/en/apply/build/move-to-trash/
How to Push Attachments to Salesforce,https://help.surveymonkey.com/en/apply/advanced/push-to-salesforce/
Post Responses Automatically in Slack,https://help.surveymonkey.com/en/surveymonkey/integrations/slack-automation/
Make a Payment Task,https://help.surveymonkey.com/en/apply/build/payment-task/
How to Authenticate your Custom Email Sender Address,https://help.surveymonkey.com/en/apply/features/custom-sender-address/
Dropdown Question,https://help.surveymonkey.com/en/apply/build/dropdown-question/
File Won’t Upload,https://help.surveymonkey.com/en/surveymonkey/site/file-wont-upload/
How to Contact Us,https://help.surveymonkey.com/en/apply/faqs/contact-us/
How to Edit a Task on Behalf of a User,https://help.surveymonkey.com/en/apply/monitor/edit-user-task/
How to use Advanced Branching Logic to Dynamically Change your Form,https://help.surveymonkey.com/en/apply/build/branching-logic/
Can I merge surveys or survey results?,https://help.surveymonkey.com/en/surveymonkey/manage/merging-surveys/
Section Heading Question,https://help.surveymonkey.com/en/apply/build/section-heading/
Webhooks: Overview,https://help.surveymonkey.com/en/apply/build/webhook-overview/
SPSS Exports,https://help.surveymonkey.com/en/surveymonkey/analyze/spss-exports/
Phone Question,https://help.surveymonkey.com/en/surveymonkey/create/phone/
How to Archive Applications,https://help.surveymonkey.com/en/apply/monitor/archive-apps/
"Can I ask for credit card details, SSNs, or other personal information?",https://help.surveymonkey.com/en/surveymonkey/policy/collecting-sensitive-information/
Integrations,https://help.surveymonkey.com/en/wufoo/integrations/integrations-overview/
Send a Confirmation Email Upon Submission,https://help.surveymonkey.com/en/wufoo/build/confirmation-email/
Opening & Closing Surveys,https://help.surveymonkey.com/en/surveymonkey/manage/opening-closing-surveys/
How to Modify the Assignment Table and Summary for Reviewers,https://help.surveymonkey.com/en/apply/monitor/modify-app-summary/
Address Field,https://help.surveymonkey.com/en/wufoo/build/address-field/
Sending Confirmation Emails,https://help.surveymonkey.com/en/surveymonkey/send/confirmation-email/
How to Manually Assign Applications,https://help.surveymonkey.com/en/apply/monitor/manual-app-assignment/
How to Search for Users,https://help.surveymonkey.com/en/apply/monitor/user-search/
Finding a Survey,https://help.surveymonkey.com/en/surveymonkey/manage/finding-surveys/
Address Question,https://help.surveymonkey.com/en/surveymonkey/create/address/
Chart Types,https://help.surveymonkey.com/en/surveymonkey/analyze/chart-types/
How to Find the Index of a Character within a String (INDEXOF),https://help.surveymonkey.com/en/apply/advanced/index-string-char/
Google Tag Manager (GTM) Integration,https://help.surveymonkey.com/en/getfeedback/integrations/google-tag-manager-integration/
Customizing Charts and Data Tables,https://help.surveymonkey.com/en/surveymonkey/analyze/custom-charts/
Adding and Managing Pages,https://help.surveymonkey.com/en/surveymonkey/create/managing-pages/
Share Your Survey on Social Media,https://help.surveymonkey.com/en/surveymonkey/send/social-media-collector/
Ways to Send Your Survey,https://help.surveymonkey.com/en/surveymonkey/getting-started/sending-your-survey/
Organization Profiles Videos,https://help.surveymonkey.com/en/apply/apply-training-videos/organization-profiles-videos/
Troubleshooting Reviewer Issues,https://help.surveymonkey.com/en/apply/faqs/reviewer-troubleshooting/
How to Filter Applications,https://help.surveymonkey.com/en/apply/monitor/app-filters/
Device Registration,https://help.surveymonkey.com/en/surveymonkey/getting-started/saved-devices/
Date/Time Question,https://help.surveymonkey.com/en/apply/build/date-time-question/
How to Delete a Stage,https://help.surveymonkey.com/en/apply/build/delete-stage/
How to Set Up a Holding Stage,https://help.surveymonkey.com/en/apply/build/holding-stage/
How to Duplicate a Task,https://help.surveymonkey.com/en/apply/build/duplicate-task/
Exporting an Individual Question,https://help.surveymonkey.com/en/surveymonkey/analyze/exporting-individual-questions/
Introduction to SurveyMonkey Apply: Build Mode,https://help.surveymonkey.com/en/apply/getting-started/introduction-to-surveymonkey-apply-build-mode/
Automations: “CONDITIONS”,https://help.surveymonkey.com/en/apply/build/automation-conditions/
How to Set Up your SMTP Server,https://help.surveymonkey.com/en/apply/features/smtp-server/
How to Set a Deadline on an Applicant Task,https://help.surveymonkey.com/en/apply/build/applicant-task-deadline/
Get Set Up to Send Text Messages,https://help.surveymonkey.com/en/surveymonkey/teams/sms-provisioning/
SurveyMonkey for Salesforce: Creating a Case Closed Survey,https://help.surveymonkey.com/en/surveymonkey/integrations/salesforce-case-closed/
File Upload Field,https://help.surveymonkey.com/en/wufoo/build/file-upload/
SurveyMonkey for Salesforce: Creating Reports and Dashboards,https://help.surveymonkey.com/en/surveymonkey/integrations/salesforce-reports-dashboards/
Required Data in Email Invitations,https://help.surveymonkey.com/en/surveymonkey/send/required-data-email-invitations/
Sending Surveys via Email Invitation,https://help.surveymonkey.com/en/surveymonkey/send/email-invitation-collector/
Setting Up SurveyMonkey as a Vendor,https://help.surveymonkey.com/en/surveymonkey/billing/surveymonkey-vendors/
Administrator Application View: Overview,https://help.surveymonkey.com/en/apply/monitor/admin-app-view/
Field Types,https://help.surveymonkey.com/en/wufoo/build/field-types/
Limiting Answers to a Specific Range,https://help.surveymonkey.com/en/wufoo/build/limit-answer-range/
Manage Users: Overview,https://help.surveymonkey.com/en/apply/monitor/manage-users-overview/
SurveyMonkey App FAQs,https://help.surveymonkey.com/en/surveymonkey/site/surveymonkey-app-faq/
Indexing your Form Fields for Calculations,https://help.surveymonkey.com/en/apply/advanced/indexing-fields/
Campaign Monitor,https://help.surveymonkey.com/en/wufoo/integrations/campain-monitor/
Use CSS to Style Your Survey,https://help.surveymonkey.com/en/surveymonkey/teams/custom-css/
Does each respondent get assigned a response ID?,https://help.surveymonkey.com/en/surveymonkey/analyze/response-ids/
Asana Integration,https://help.surveymonkey.com/en/wufoo/integrations/asana/
Advanced Automation Settings,https://help.surveymonkey.com/en/apply/build/automation-settings/
How to Import your Historical Data,https://help.surveymonkey.com/en/apply/faqs/importing-data/
Subscribing to RSS Feeds,https://help.surveymonkey.com/en/wufoo/share/rss-feeds/
How to Hide/Show Tasks,https://help.surveymonkey.com/en/apply/build/hide-show-task/
Duplicate Entries,https://help.surveymonkey.com/en/wufoo/reports/duplicate-entries/
How to Add and Manage Files,https://help.surveymonkey.com/en/apply/features/add-manage-files/
Downloading Entries & Reports,https://help.surveymonkey.com/en/wufoo/reports/download-entries/
Field Settings,https://help.surveymonkey.com/en/wufoo/build/field-settings/
Datasource Question,https://help.surveymonkey.com/en/apply/build/datasource-question/
Adding Instructional Text to a Field,https://help.surveymonkey.com/en/wufoo/build/instructional-text/
General Settings: Overview,https://help.surveymonkey.com/en/apply/features/settings-overview/
Apply Product Training Videos,https://help.surveymonkey.com/en/apply/build/apply-product-training-videos/
Build Surveys with AI,https://help.surveymonkey.com/en/surveymonkey/create/build-with-ai/
Get a Recommendation Task,https://help.surveymonkey.com/en/apply/build/recommendation/
How to Categorize Programs,https://help.surveymonkey.com/en/apply/build/categorize-programs/
Notifications,https://help.surveymonkey.com/en/apply/features/notifications/
Getting Anonymous Feedback,https://help.surveymonkey.com/en/getfeedback/account/anonymous-feedback/
Filtering by Open-Ended Comments or Text,https://help.surveymonkey.com/en/surveymonkey/analyze/filtering-open-ended-comments/
Instant Notifications,https://help.surveymonkey.com/en/surveymonkey/send/instant-notifications/
How to Apply a Status to an Application,https://help.surveymonkey.com/en/apply/monitor/apply-app-status/
Survey Tooltips,https://help.surveymonkey.com/en/surveymonkey/create/survey-tooltips/
Using a Custom Domain to Send Emails,https://help.surveymonkey.com/en/getfeedback/channels/email-custom-domains/
How to Add and Manage Pages,https://help.surveymonkey.com/en/apply/features/add-manage-pages/
Preventing Duplicate Answers on a Specific Field,https://help.surveymonkey.com/en/wufoo/build/no-duplicates/
Breaking Changes in Live Surveys,https://help.surveymonkey.com/en/getfeedback/builder/breaking-changes-in-live-surveys/
How to Contact SurveyMonkey,https://help.surveymonkey.com/en/surveymonkey/site/support-hours/
How to Build a Budget Form,https://help.surveymonkey.com/en/apply/build/budget-form/
Salesforce Conditional Mapping,https://help.surveymonkey.com/en/getfeedback/salesforce/salesforce-conditional-mapping/
Workgroups,https://help.surveymonkey.com/en/surveymonkey/teams/workgroups/
Forms with Multiple Pages,https://help.surveymonkey.com/en/wufoo/build/multi-page-forms/
Measure Agent or Team Performance in Salesforce,https://help.surveymonkey.com/en/getfeedback/programs/salesforce-measure-agent-performance/
GetFeedback Glossary,https://help.surveymonkey.com/en/getfeedback/account/glossary/
Placeholder Text,https://help.surveymonkey.com/en/wufoo/build/placeholder-text/
Hidden Field Question,https://help.surveymonkey.com/en/apply/build/hidden-field-question/
File Upload Question,https://help.surveymonkey.com/en/apply/build/file-upload-question/
How to Create/Edit a Form,https://help.surveymonkey.com/en/apply/build/create-edit-form/
Adding a Custom Thank You,https://help.surveymonkey.com/en/surveymonkey/send/custom-thank-you/
How to Close Public Registration,https://help.surveymonkey.com/en/apply/features/close-public-registration/
Chatting with SurveyMonkey in Messenger,https://help.surveymonkey.com/en/surveymonkey/send/surveymonkey-messenger/
How to Send Emails from Manage Applications,https://help.surveymonkey.com/en/apply/monitor/emails-manage-apps/
Site Dashboard: Overview,https://help.surveymonkey.com/en/apply/build/dashboard-overview/
Tagging Responses,https://help.surveymonkey.com/en/surveymonkey/analyze/tagging-responses/
PPT (PowerPoint) Exports,https://help.surveymonkey.com/en/surveymonkey/analyze/ppt-exports/
New Site Checklist,https://help.surveymonkey.com/en/apply/getting-started/site-checklist/
Advanced Piping,https://help.surveymonkey.com/en/surveymonkey/create/advanced-piping/
Adding a Consent Statement or Privacy Notice,https://help.surveymonkey.com/en/surveymonkey/create/consent-statements-privacy-notices/
CSV Exports,https://help.surveymonkey.com/en/surveymonkey/analyze/csv-exports/
Accepting Payments with PayPal,https://help.surveymonkey.com/en/surveymonkey/create/paypal/
Button,https://help.surveymonkey.com/en/getfeedback/channels/web-buttons/
How to Send an Invite to an Existing User,https://help.surveymonkey.com/en/apply/monitor/send-user-invite/
